"common_name","acad","pif_reg","fws_reg"
"Black-bellied Whistling-Duck","Yes","No","No"
"Fulvous Whistling-Duck","Yes","No","No"
"Emperor Goose","Yes","No","No"
"Snow Goose","Yes","No","No"
"Ross's Goose","Yes","No","No"
"Greater White-fronted Goose","Yes","No","No"
"Brant","Yes","No","No"
"Cackling Goose","Yes","No","No"
"Canada Goose","Yes","No","Yes"
"Mute Swan","Yes","No","No"
"Trumpeter Swan","Yes","No","Yes"
"Tundra Swan","Yes","No","No"
"Muscovy Duck","Yes","No","No"
"Wood Duck","Yes","No","No"
"Blue-winged Teal","Yes","No","Yes"
"Cinnamon Teal","Yes","No","No"
"Northern Shoveler","Yes","No","Yes"
"Gadwall","Yes","No","Yes"
"Eurasian Wigeon","Yes","No","No"
"American Wigeon","Yes","No","Yes"
"Mallard","Yes","No","Yes"
"American Black Duck","Yes","No","Yes"
"Mottled Duck","Yes","No","No"
"Northern Pintail","Yes","No","Yes"
"Green-winged Teal","Yes","No","No"
"Canvasback","Yes","No","Yes"
"Redhead","Yes","No","Yes"
"Ring-necked Duck","Yes","No","Yes"
"Greater Scaup","Yes","No","No"
"Lesser Scaup","Yes","No","Yes"
"Harlequin Duck","Yes","No","No"
"Surf Scoter","Yes","No","No"
"White-winged Scoter","Yes","No","No"
"Black Scoter","Yes","No","No"
"Long-tailed Duck","Yes","No","No"
"Bufflehead","Yes","No","Yes"
"Common Goldeneye","Yes","No","Yes"
"Barrow's Goldeneye","Yes","No","No"
"Mountain Quail","Yes","Yes","No"
"Northern Bobwhite","Yes","Yes","No"
"Scaled Quail","Yes","Yes","No"
"California Quail","Yes","Yes","No"
"Gambel's Quail","Yes","Yes","No"
"Montezuma Quail","Yes","Yes","No"
"Wild Turkey","Yes","Yes","No"
"Ruffed Grouse","Yes","Yes","No"
"Spruce Grouse","Yes","Yes","No"
"Willow Ptarmigan","Yes","Yes","No"
"Rock Ptarmigan","Yes","Yes","No"
"White-tailed Ptarmigan","Yes","No","No"
"Greater Sage-Grouse","Yes","Yes","No"
"Gunnison Sage-Grouse","Yes","Yes","No"
"Dusky Grouse","Yes","Yes","No"
"Sooty Grouse","Yes","Yes","No"
"Sharp-tailed Grouse","Yes","Yes","No"
"Greater Prairie-Chicken","Yes","Yes","No"
"Lesser Prairie-Chicken","Yes","Yes","No"
"Gray Partridge","Yes","Yes","No"
"Ring-necked Pheasant","Yes","Yes","No"
"Himalayan Snowcock","Yes","No","No"
"Chukar","Yes","Yes","No"
"American Flamingo","Yes","No","No"
"Least Grebe","Yes","No","No"
"Pied-billed Grebe","Yes","No","No"
"Horned Grebe","Yes","No","No"
"Band-tailed Pigeon","Yes","Yes","No"
"Eurasian Collared-Dove","Yes","Yes","No"
"Spotted Dove","Yes","No","No"
"Inca Dove","Yes","Yes","No"
"Common Ground Dove","Yes","Yes","No"
"Ruddy Ground Dove","Yes","No","No"
"White-tipped Dove","Yes","No","No"
"Groove-billed Ani","Yes","Yes","No"
"Greater Roadrunner","Yes","Yes","No"
"Yellow-billed Cuckoo","Yes","Yes","No"
"Mangrove Cuckoo","Yes","Yes","No"
"Black-billed Cuckoo","Yes","Yes","No"
"Lesser Nighthawk","Yes","Yes","No"
"Common Nighthawk","Yes","Yes","No"
"Antillean Nighthawk","Yes","No","No"
"Common Pauraque","Yes","No","No"
"Common Poorwill","Yes","Yes","No"
"Chuck-will's-widow","Yes","Yes","No"
"Black Swift","Yes","Yes","No"
"Rufous Hummingbird","Yes","Yes","No"
"Allen's Hummingbird","Yes","Yes","No"
"Broad-tailed Hummingbird","Yes","Yes","No"
"Violet-crowned Hummingbird","Yes","No","No"
"Common Gallinule","Yes","No","No"
"American Coot","Yes","No","Yes"
"Purple Gallinule","Yes","No","No"
"Yellow Rail","Yes","No","No"
"Black Rail","Yes","No","No"
"Limpkin","Yes","No","No"
"Sandhill Crane","Yes","No","No"
"Whooping Crane","Yes","No","No"
"Black-necked Stilt","Yes","No","No"
"Ruddy Turnstone","Yes","No","No"
"Black Turnstone","Yes","No","No"
"Red Knot","Yes","No","No"
"Surfbird","Yes","No","No"
"Sharp-tailed Sandpiper","Yes","No","No"
"Purple Sandpiper","Yes","No","No"
"Baird's Sandpiper","Yes","No","No"
"Least Sandpiper","Yes","No","No"
"White-rumped Sandpiper","Yes","No","No"
"Dovekie","Yes","No","No"
"Common Murre","Yes","No","No"
"Thick-billed Murre","Yes","No","No"
"Razorbill","Yes","No","No"
"Black Guillemot","Yes","No","No"
"Pigeon Guillemot","Yes","No","No"
"Marbled Murrelet","Yes","No","No"
"Kittlitz's Murrelet","Yes","No","No"
"Scripps's Murrelet","Yes","No","No"
"Guadalupe Murrelet","Yes","No","No"
"Craveri's Murrelet","Yes","No","No"
"Ancient Murrelet","Yes","No","No"
"Cassin's Auklet","Yes","No","No"
"Parakeet Auklet","Yes","No","No"
"Least Auklet","Yes","No","No"
"Whiskered Auklet","Yes","No","No"
"Crested Auklet","Yes","No","No"
"Rhinoceros Auklet","Yes","No","No"
"Atlantic Puffin","Yes","No","No"
"Horned Puffin","Yes","No","No"
"Sabine's Gull","Yes","No","No"
"Bonaparte's Gull","Yes","No","No"
"Black-headed Gull","Yes","No","No"
"Little Gull","Yes","No","No"
"Ross's Gull","Yes","No","No"
"Laughing Gull","Yes","No","No"
"Franklin's Gull","Yes","No","No"
"Heermann's Gull","Yes","No","No"
"Short-billed Gull","Yes","No","No"
"Ring-billed Gull","Yes","No","No"
"Western Gull","Yes","No","No"
"Yellow-footed Gull","Yes","No","No"
"California Gull","Yes","No","No"
"Herring Gull","Yes","No","No"
"Iceland Gull","Yes","No","No"
"Lesser Black-backed Gull","Yes","No","No"
"Slaty-backed Gull","Yes","No","No"
"Glaucous-winged Gull","Yes","No","No"
"Glaucous Gull","Yes","No","No"
"Great Black-backed Gull","Yes","No","No"
"Brown Noddy","Yes","No","No"
"Sooty Tern","Yes","No","No"
"Bridled Tern","Yes","No","No"
"Aleutian Tern","Yes","No","No"
"Least Tern","Yes","No","No"
"Gull-billed Tern","Yes","No","No"
"Caspian Tern","Yes","No","No"
"Black Tern","Yes","No","No"
"Roseate Tern","Yes","No","No"
"Common Tern","Yes","No","No"
"Arctic Tern","Yes","No","No"
"Forster's Tern","Yes","No","No"
"Royal Tern","Yes","No","No"
"Sandwich Tern","Yes","No","No"
"Elegant Tern","Yes","No","No"
"Black Skimmer","Yes","No","No"
"Red-throated Loon","Yes","No","No"
"Arctic Loon","Yes","No","No"
"Black-footed Albatross","Yes","No","No"
"Short-tailed Albatross","Yes","No","No"
"Wilson's Storm-Petrel","Yes","No","No"
"White-faced Storm-Petrel","Yes","No","No"
"Fork-tailed Storm-Petrel","Yes","No","No"
"Leach's Storm-Petrel","Yes","No","No"
"Townsend's Storm-Petrel","Yes","No","No"
"Ashy Storm-Petrel","Yes","No","No"
"Band-rumped Storm-Petrel","Yes","No","No"
"Wedge-rumped Storm-Petrel","Yes","No","No"
"Black Storm-Petrel","Yes","No","No"
"Least Storm-Petrel","Yes","No","No"
"Northern Fulmar","Yes","No","No"
"Trindade Petrel","Yes","No","No"
"Murphy's Petrel","Yes","No","No"
"Mottled Petrel","Yes","No","No"
"Bermuda Petrel","Yes","No","No"
"Black-capped Petrel","Yes","No","No"
"Hawaiian Petrel","Yes","No","No"
"Fea's Petrel","Yes","No","No"
"Cook's Petrel","Yes","No","No"
"Bulwer's Petrel","Yes","No","No"
"Cory's Shearwater","Yes","No","No"
"Wedge-tailed Shearwater","Yes","No","No"
"Buller's Shearwater","Yes","No","No"
"Manx Shearwater","Yes","No","No"
"Black-vented Shearwater","Yes","No","No"
"Audubon's Shearwater","Yes","No","No"
"Wood Stork","Yes","No","No"
"Magnificent Frigatebird","Yes","No","No"
"Masked Booby","Yes","No","No"
"Great Cormorant","Yes","No","No"
"Double-crested Cormorant","Yes","No","No"
"Neotropic Cormorant","Yes","No","No"
"American White Pelican","Yes","No","No"
"Brown Pelican","Yes","No","No"
"American Bittern","Yes","No","No"
"Least Bittern","Yes","No","No"
"Great Blue Heron","Yes","No","No"
"Great Egret","Yes","No","No"
"Cattle Egret","Yes","No","No"
"Green Heron","Yes","No","No"
"Black-crowned Night-Heron","Yes","No","No"
"Yellow-crowned Night-Heron","Yes","No","No"
"White Ibis","Yes","No","No"
"Swallow-tailed Kite","Yes","Yes","No"
"Golden Eagle","Yes","Yes","No"
"Mississippi Kite","Yes","Yes","No"
"Snail Kite","Yes","No","No"
"Common Black Hawk","Yes","Yes","No"
"Harris's Hawk","Yes","Yes","No"
"White-tailed Hawk","Yes","No","No"
"Broad-winged Hawk","Yes","Yes","No"
"Short-tailed Hawk","Yes","No","No"
"Swainson's Hawk","Yes","Yes","No"
"Zone-tailed Hawk","Yes","Yes","No"
"Red-tailed Hawk","Yes","Yes","No"
"Rough-legged Hawk","Yes","Yes","No"
"Ferruginous Hawk","Yes","Yes","No"
"Barn Owl","Yes","Yes","No"
"Flammulated Owl","Yes","Yes","No"
"Whiskered Screech-Owl","Yes","No","No"
"Eastern Screech-Owl","Yes","Yes","No"
"Great Horned Owl","Yes","Yes","No"
"Snowy Owl","Yes","No","No"
"Northern Hawk Owl","Yes","Yes","No"
"Northern Pygmy-Owl","Yes","Yes","No"
"Ferruginous Pygmy-Owl","Yes","No","No"
"Elf Owl","Yes","Yes","No"
"Burrowing Owl","Yes","Yes","No"
"Spotted Owl","Yes","Yes","No"
"Barred Owl","Yes","Yes","No"
"Great Gray Owl","Yes","Yes","No"
"Long-eared Owl","Yes","Yes","No"
"Short-eared Owl","Yes","Yes","No"
"Elegant Trogon","Yes","Yes","No"
"Green Kingfisher","Yes","No","No"
"Lewis's Woodpecker","Yes","Yes","No"
"Red-headed Woodpecker","Yes","Yes","No"
"Acorn Woodpecker","Yes","Yes","No"
"Gila Woodpecker","Yes","Yes","No"
"Golden-fronted Woodpecker","Yes","Yes","No"
"Red-bellied Woodpecker","Yes","Yes","No"
"Williamson's Sapsucker","Yes","Yes","No"
"Yellow-bellied Sapsucker","Yes","Yes","No"
"Red-naped Sapsucker","Yes","Yes","No"
"Red-breasted Sapsucker","Yes","Yes","No"
"American Three-toed Woodpecker","Yes","Yes","No"
"Black-backed Woodpecker","Yes","Yes","No"
"Downy Woodpecker","Yes","Yes","No"
"Nuttall's Woodpecker","Yes","Yes","No"
"Ladder-backed Woodpecker","Yes","Yes","No"
"Red-cockaded Woodpecker","Yes","Yes","No"
"Hairy Woodpecker","Yes","Yes","No"
"White-headed Woodpecker","Yes","Yes","No"
"Arizona Woodpecker","Yes","Yes","No"
"Gyrfalcon","Yes","Yes","No"
"Peregrine Falcon","Yes","Yes","No"
"Prairie Falcon","Yes","Yes","No"
"Monk Parakeet","Yes","Yes","No"
"Green Parakeet","Yes","No","No"
"Red-crowned Parrot","Yes","No","No"
"Sulphur-bellied Flycatcher","Yes","Yes","No"
"Tropical Kingbird","Yes","No","No"
"Couch's Kingbird","Yes","Yes","No"
"Cassin's Kingbird","Yes","Yes","No"
"Thick-billed Kingbird","Yes","Yes","No"
"Western Kingbird","Yes","Yes","No"
"Eastern Kingbird","Yes","Yes","No"
"Gray Kingbird","Yes","Yes","No"
"Scissor-tailed Flycatcher","Yes","Yes","No"
"Steller's Eider","Yes","No","No"
"Spectacled Eider","Yes","No","No"
"King Eider","Yes","No","No"
"Common Eider","Yes","No","No"
"Hooded Merganser","Yes","No","No"
"Common Merganser","Yes","No","Yes"
"Red-breasted Merganser","Yes","No","No"
"Masked Duck","Yes","No","No"
"Ruddy Duck","Yes","No","Yes"
"Plain Chachalaca","Yes","Yes","No"
"Red-necked Grebe","Yes","No","No"
"Eared Grebe","Yes","No","No"
"Western Grebe","Yes","No","No"
"Clark's Grebe","Yes","No","No"
"Rock Pigeon","Yes","Yes","No"
"White-crowned Pigeon","Yes","No","No"
"Red-billed Pigeon","Yes","No","No"
"White-winged Dove","Yes","Yes","No"
"Olive-sided Flycatcher","Yes","Yes","No"
"Greater Pewee","Yes","Yes","No"
"Yellow-bellied Flycatcher","Yes","Yes","No"
"Acadian Flycatcher","Yes","Yes","No"
"Alder Flycatcher","Yes","Yes","No"
"Willow Flycatcher","Yes","Yes","No"
"Least Flycatcher","Yes","Yes","No"
"Hammond's Flycatcher","Yes","Yes","No"
"Gray Flycatcher","Yes","Yes","No"
"Dusky Flycatcher","Yes","Yes","No"
"Pacific-slope Flycatcher","Yes","Yes","No"
"Cordilleran Flycatcher","Yes","Yes","No"
"Buff-breasted Flycatcher","Yes","No","No"
"Black Phoebe","Yes","Yes","No"
"Eastern Phoebe","Yes","Yes","No"
"Say's Phoebe","Yes","Yes","No"
"Vermilion Flycatcher","Yes","Yes","No"
"Mourning Dove","Yes","Yes","No"
"Smooth-billed Ani","Yes","No","No"
"Buff-collared Nightjar","Yes","No","No"
"Eastern Whip-poor-will","Yes","Yes","No"
"Mexican Whip-poor-will","Yes","Yes","No"
"Chimney Swift","Yes","Yes","No"
"Vaux's Swift","Yes","Yes","No"
"White-throated Swift","Yes","Yes","No"
"Rivoli's Hummingbird","Yes","Yes","No"
"Black-capped Vireo","Yes","Yes","No"
"White-eyed Vireo","Yes","Yes","No"
"Bell's Vireo","Yes","Yes","No"
"Gray Vireo","Yes","Yes","No"
"Hutton's Vireo","Yes","Yes","No"
"Yellow-throated Vireo","Yes","Yes","No"
"Loggerhead Shrike","Yes","Yes","No"
"Northern Shrike","Yes","Yes","No"
"Canada Jay","Yes","Yes","No"
"Brown Jay","Yes","No","No"
"Green Jay","Yes","Yes","No"
"Pinyon Jay","Yes","Yes","No"
"Steller's Jay","Yes","Yes","No"
"Blue Jay","Yes","Yes","No"
"Florida Scrub-Jay","Yes","Yes","No"
"Island Scrub-Jay","Yes","No","No"
"California Scrub-Jay","Yes","Yes","No"
"Woodhouse's Scrub-Jay","Yes","Yes","No"
"Mexican Jay","Yes","Yes","No"
"Clark's Nutcracker","Yes","Yes","No"
"Black-billed Magpie","Yes","Yes","No"
"Yellow-billed Magpie","Yes","Yes","No"
"American Crow","Yes","Yes","No"
"Fish Crow","Yes","Yes","No"
"Chihuahuan Raven","Yes","Yes","No"
"Common Raven","Yes","Yes","No"
"Verdin","Yes","Yes","No"
"Carolina Chickadee","Yes","Yes","No"
"Black-capped Chickadee","Yes","Yes","No"
"Mountain Chickadee","Yes","Yes","No"
"Mexican Chickadee","Yes","No","No"
"Chestnut-backed Chickadee","Yes","Yes","No"
"Boreal Chickadee","Yes","Yes","No"
"Gray-headed Chickadee","Yes","No","No"
"Bridled Titmouse","Yes","Yes","No"
"Oak Titmouse","Yes","Yes","No"
"Juniper Titmouse","Yes","Yes","No"
"Blue-throated Mountain-gem","Yes","Yes","No"
"Lucifer Hummingbird","Yes","No","No"
"Ruby-throated Hummingbird","Yes","Yes","No"
"Black-chinned Hummingbird","Yes","Yes","No"
"Anna's Hummingbird","Yes","Yes","No"
"Costa's Hummingbird","Yes","Yes","No"
"Calliope Hummingbird","Yes","Yes","No"
"Broad-billed Hummingbird","Yes","Yes","No"
"Buff-bellied Hummingbird","Yes","Yes","No"
"Ridgway's Rail","Yes","No","No"
"King Rail","Yes","No","No"
"Clapper Rail","Yes","No","No"
"Virginia Rail","Yes","No","No"
"Sora","Yes","No","No"
"American Avocet","Yes","No","No"
"American Oystercatcher","Yes","No","No"
"Black Oystercatcher","Yes","No","No"
"Black-bellied Plover","Yes","No","No"
"American Golden-Plover","Yes","No","No"
"Pacific Golden-Plover","Yes","No","No"
"Killdeer","Yes","No","No"
"Common Ringed Plover","Yes","No","No"
"Semipalmated Plover","Yes","No","No"
"Piping Plover","Yes","No","No"
"Wilson's Plover","Yes","No","No"
"Mountain Plover","Yes","No","No"
"Snowy Plover","Yes","No","No"
"Northern Jacana","Yes","No","No"
"Upland Sandpiper","Yes","No","No"
"Bristle-thighed Curlew","Yes","No","No"
"Whimbrel","Yes","No","No"
"Eskimo Curlew","Yes","No","No"
"Long-billed Curlew","Yes","No","No"
"Bar-tailed Godwit","Yes","No","No"
"Hudsonian Godwit","Yes","No","No"
"Marbled Godwit","Yes","No","No"
"Stilt Sandpiper","Yes","No","No"
"Sanderling","Yes","No","No"
"Dunlin","Yes","No","No"
"Rock Sandpiper","Yes","No","No"
"Buff-breasted Sandpiper","Yes","No","No"
"Pectoral Sandpiper","Yes","No","No"
"Semipalmated Sandpiper","Yes","No","No"
"Western Sandpiper","Yes","No","No"
"Short-billed Dowitcher","Yes","No","No"
"Long-billed Dowitcher","Yes","No","No"
"American Woodcock","Yes","No","No"
"Wilson's Snipe","Yes","No","No"
"Spotted Sandpiper","Yes","No","No"
"Solitary Sandpiper","Yes","No","No"
"Wandering Tattler","Yes","No","No"
"Lesser Yellowlegs","Yes","No","No"
"Willet","Yes","No","No"
"Greater Yellowlegs","Yes","No","No"
"Wilson's Phalarope","Yes","No","No"
"Red-necked Phalarope","Yes","No","No"
"Red Phalarope","Yes","No","No"
"Great Skua","Yes","No","No"
"South Polar Skua","Yes","No","No"
"Pomarine Jaeger","Yes","No","No"
"Parasitic Jaeger","Yes","No","No"
"Long-tailed Jaeger","Yes","No","No"
"Northern Rough-winged Swallow","Yes","Yes","No"
"Purple Martin","Yes","Yes","No"
"Barn Swallow","Yes","Yes","No"
"Cliff Swallow","Yes","Yes","No"
"Cave Swallow","Yes","Yes","No"
"Bushtit","Yes","Yes","No"
"Arctic Warbler","Yes","Yes","No"
"Wrentit","Yes","Yes","No"
"Ruby-crowned Kinglet","Yes","Yes","No"
"Golden-crowned Kinglet","Yes","Yes","No"
"Bohemian Waxwing","Yes","Yes","No"
"Cedar Waxwing","Yes","Yes","No"
"Pygmy Nuthatch","Yes","Yes","No"
"Brown-headed Nuthatch","Yes","Yes","No"
"Brown Creeper","Yes","Yes","No"
"Blue-gray Gnatcatcher","Yes","Yes","No"
"Rock Wren","Yes","Yes","No"
"Canyon Wren","Yes","Yes","No"
"Cactus Wren","Yes","Yes","No"
"Bewick's Wren","Yes","Yes","No"
"Carolina Wren","Yes","Yes","No"
"House Wren","Yes","Yes","No"
"Pacific Wren","Yes","Yes","No"
"Winter Wren","Yes","Yes","No"
"Sedge Wren","Yes","Yes","No"
"Marsh Wren","Yes","Yes","No"
"Gray Catbird","Yes","Yes","No"
"Curve-billed Thrasher","Yes","Yes","No"
"Brown Thrasher","Yes","Yes","No"
"Long-billed Thrasher","Yes","Yes","No"
"Bendire's Thrasher","Yes","Yes","No"
"Clay-colored Thrush","Yes","No","No"
"American Robin","Yes","Yes","No"
"Varied Thrush","Yes","Yes","No"
"Bluethroat","Yes","Yes","No"
"Northern Wheatear","Yes","Yes","No"
"Olive Warbler","Yes","Yes","No"
"Scaly-breasted Munia","Yes","No","No"
"House Sparrow","Yes","Yes","No"
"Eurasian Tree Sparrow","Yes","Yes","No"
"Eastern Yellow Wagtail","Yes","No","No"
"White Wagtail","Yes","No","No"
"Red-throated Pipit","Yes","No","No"
"American Pipit","Yes","Yes","No"
"Sprague's Pipit","Yes","Yes","No"
"Brown-capped Rosy-Finch","Yes","No","No"
"House Finch","Yes","Yes","No"
"Purple Finch","Yes","Yes","No"
"Cassin's Finch","Yes","Yes","No"
"Common Redpoll","Yes","Yes","No"
"Hoary Redpoll","Yes","Yes","No"
"Red Crossbill","Yes","Yes","No"
"Cassia Crossbill","Yes","No","No"
"White-winged Crossbill","Yes","Yes","No"
"Pine Siskin","Yes","Yes","No"
"American Goldfinch","Yes","Yes","No"
"Lapland Longspur","Yes","Yes","No"
"Chestnut-collared Longspur","Yes","Yes","No"
"Smith's Longspur","Yes","Yes","No"
"Thick-billed Longspur","Yes","No","No"
"Snow Bunting","Yes","Yes","No"
"McKay's Bunting","Yes","No","No"
"Rufous-winged Sparrow","Yes","Yes","No"
"Botteri's Sparrow","Yes","Yes","No"
"Cassin's Sparrow","Yes","Yes","No"
"Bachman's Sparrow","Yes","Yes","No"
"Grasshopper Sparrow","Yes","Yes","No"
"Olive Sparrow","Yes","Yes","No"
"Five-striped Sparrow","Yes","No","No"
"Black-throated Sparrow","Yes","Yes","No"
"Lark Sparrow","Yes","Yes","No"
"Lark Bunting","Yes","Yes","No"
"Chipping Sparrow","Yes","Yes","No"
"Clay-colored Sparrow","Yes","Yes","No"
"Black-chinned Sparrow","Yes","Yes","No"
"Field Sparrow","Yes","Yes","No"
"Brewer's Sparrow","Yes","Yes","No"
"Fox Sparrow","Yes","Yes","No"
"American Tree Sparrow","Yes","Yes","No"
"Dark-eyed Junco","Yes","Yes","No"
"Yellow-eyed Junco","Yes","Yes","No"
"White-crowned Sparrow","Yes","Yes","No"
"Golden-crowned Sparrow","Yes","Yes","No"
"Harris's Sparrow","Yes","No","No"
"White-throated Sparrow","Yes","Yes","No"
"Bell's Sparrow","Yes","Yes","No"
"Sagebrush Sparrow","Yes","Yes","No"
"Vesper Sparrow","Yes","Yes","No"
"LeConte's Sparrow","Yes","Yes","No"
"Seaside Sparrow","Yes","Yes","No"
"Nelson's Sparrow","Yes","Yes","No"
"Saltmarsh Sparrow","Yes","Yes","No"
"Baird's Sparrow","Yes","Yes","No"
"Henslow's Sparrow","Yes","Yes","No"
"Savannah Sparrow","Yes","Yes","No"
"Yellow-breasted Chat","Yes","Yes","No"
"Yellow-headed Blackbird","Yes","Yes","No"
"Bobolink","Yes","Yes","No"
"Chihuahuan Meadowlark","Yes","No","No"
"Eastern Meadowlark","Yes","Yes","No"
"Western Meadowlark","Yes","Yes","No"
"Orchard Oriole","Yes","Yes","No"
"Hooded Oriole","Yes","Yes","No"
"Streak-backed Oriole","Yes","No","No"
"Bullock's Oriole","Yes","Yes","No"
"Altamira Oriole","Yes","No","No"
"Tricolored Blackbird","Yes","Yes","No"
"Shiny Cowbird","Yes","No","No"
"Bronzed Cowbird","Yes","Yes","No"
"Brown-headed Cowbird","Yes","Yes","No"
"Rusty Blackbird","Yes","Yes","No"
"Brewer's Blackbird","Yes","Yes","No"
"Common Grackle","Yes","Yes","No"
"Boat-tailed Grackle","Yes","Yes","No"
"Great-tailed Grackle","Yes","Yes","No"
"Ovenbird","Yes","Yes","No"
"Worm-eating Warbler","Yes","Yes","No"
"Louisiana Waterthrush","Yes","Yes","No"
"Northern Waterthrush","Yes","Yes","No"
"Golden-winged Warbler","Yes","Yes","No"
"Blue-winged Warbler","Yes","Yes","No"
"Black-and-white Warbler","Yes","Yes","No"
"Prothonotary Warbler","Yes","Yes","No"
"Swainson's Warbler","Yes","Yes","No"
"Tennessee Warbler","Yes","Yes","No"
"Orange-crowned Warbler","Yes","Yes","No"
"Colima Warbler","Yes","No","No"
"Lucy's Warbler","Yes","Yes","No"
"Nashville Warbler","Yes","Yes","No"
"Virginia's Warbler","Yes","Yes","No"
"Connecticut Warbler","Yes","Yes","No"
"MacGillivray's Warbler","Yes","Yes","No"
"Mourning Warbler","Yes","Yes","No"
"Kentucky Warbler","Yes","Yes","No"
"Common Yellowthroat","Yes","Yes","No"
"Hooded Warbler","Yes","Yes","No"
"American Redstart","Yes","Yes","No"
"Magnolia Warbler","Yes","Yes","No"
"Bay-breasted Warbler","Yes","Yes","No"
"Blackburnian Warbler","Yes","Yes","No"
"Yellow Warbler","Yes","Yes","No"
"Chestnut-sided Warbler","Yes","Yes","No"
"Blackpoll Warbler","Yes","Yes","No"
"Black-throated Blue Warbler","Yes","Yes","No"
"Palm Warbler","Yes","Yes","No"
"Pine Warbler","Yes","Yes","No"
"Yellow-rumped Warbler","Yes","Yes","No"
"Yellow-throated Warbler","Yes","Yes","No"
"Prairie Warbler","Yes","Yes","No"
"Grace's Warbler","Yes","Yes","No"
"Black-throated Gray Warbler","Yes","Yes","No"
"Townsend's Warbler","Yes","Yes","No"
"Hermit Warbler","Yes","Yes","No"
"Golden-cheeked Warbler","Yes","Yes","No"
"Black-throated Green Warbler","Yes","Yes","No"
"Canada Warbler","Yes","Yes","No"
"Wilson's Warbler","Yes","Yes","No"
"Red-faced Warbler","Yes","Yes","No"
"Painted Redstart","Yes","Yes","No"
"Hepatic Tanager","Yes","Yes","No"
"Summer Tanager","Yes","Yes","No"
"Scarlet Tanager","Yes","Yes","No"
"Western Tanager","Yes","Yes","No"
"Northern Cardinal","Yes","Yes","No"
"Pyrrhuloxia","Yes","Yes","No"
"Rose-breasted Grosbeak","Yes","Yes","No"
"Black-headed Grosbeak","Yes","Yes","No"
"Blue Grosbeak","Yes","Yes","No"
"Lazuli Bunting","Yes","Yes","No"
"Indigo Bunting","Yes","Yes","No"
"Varied Bunting","Yes","Yes","No"
"Painted Bunting","Yes","Yes","No"
"Dickcissel","Yes","Yes","No"
"Tufted Puffin","Yes","No","No"
"Black-legged Kittiwake","Yes","No","No"
"Red-legged Kittiwake","Yes","No","No"
"Ivory Gull","Yes","No","No"
"Pacific Loon","Yes","No","No"
"Common Loon","Yes","No","No"
"Yellow-billed Loon","Yes","No","No"
"Laysan Albatross","Yes","No","No"
"Short-tailed Shearwater","Yes","No","No"
"Sooty Shearwater","Yes","No","No"
"Great Shearwater","Yes","No","No"
"Pink-footed Shearwater","Yes","No","No"
"Flesh-footed Shearwater","Yes","No","No"
"Blue-footed Booby","Yes","No","No"
"Brown Booby","Yes","No","No"
"Red-footed Booby","Yes","No","No"
"Northern Gannet","Yes","No","No"
"Anhinga","Yes","No","No"
"Brandt's Cormorant","Yes","No","No"
"Red-faced Cormorant","Yes","No","No"
"Pelagic Cormorant","Yes","No","No"
"Snowy Egret","Yes","No","No"
"Little Blue Heron","Yes","No","No"
"Tricolored Heron","Yes","No","No"
"Reddish Egret","Yes","No","No"
"Glossy Ibis","Yes","No","No"
"White-faced Ibis","Yes","No","No"
"Roseate Spoonbill","Yes","No","No"
"California Condor","Yes","Yes","No"
"Black Vulture","Yes","Yes","No"
"Turkey Vulture","Yes","Yes","No"
"Osprey","Yes","Yes","No"
"White-tailed Kite","Yes","Yes","No"
"Hook-billed Kite","Yes","No","No"
"Northern Harrier","Yes","Yes","No"
"Sharp-shinned Hawk","Yes","Yes","No"
"Cooper's Hawk","Yes","Yes","No"
"Northern Goshawk","Yes","Yes","No"
"Bald Eagle","Yes","Yes","No"
"Gray Hawk","Yes","No","No"
"Red-shouldered Hawk","Yes","Yes","No"
"Western Screech-Owl","Yes","Yes","No"
"Boreal Owl","Yes","Yes","No"
"Northern Saw-whet Owl","Yes","Yes","No"
"Ringed Kingfisher","Yes","No","No"
"Belted Kingfisher","Yes","Yes","No"
"Northern Flicker","Yes","Yes","No"
"Gilded Flicker","Yes","Yes","No"
"Pileated Woodpecker","Yes","Yes","No"
"Ivory-billed Woodpecker","Yes","No","No"
"Crested Caracara","Yes","Yes","No"
"American Kestrel","Yes","Yes","No"
"Merlin","Yes","Yes","No"
"Aplomado Falcon","Yes","No","No"
"Rose-throated Becard","Yes","No","No"
"Northern Beardless-Tyrannulet","Yes","Yes","No"
"Dusky-capped Flycatcher","Yes","No","No"
"Ash-throated Flycatcher","Yes","Yes","No"
"Great Crested Flycatcher","Yes","Yes","No"
"Brown-crested Flycatcher","Yes","Yes","No"
"Great Kiskadee","Yes","No","No"
"Western Wood-Pewee","Yes","Yes","No"
"Eastern Wood-Pewee","Yes","Yes","No"
"Cassin's Vireo","Yes","Yes","No"
"Blue-headed Vireo","Yes","Yes","No"
"Plumbeous Vireo","Yes","Yes","No"
"Philadelphia Vireo","Yes","Yes","No"
"Warbling Vireo","Yes","Yes","No"
"Red-eyed Vireo","Yes","Yes","No"
"Yellow-green Vireo","Yes","No","No"
"Black-whiskered Vireo","Yes","Yes","No"
"Tufted Titmouse","Yes","Yes","No"
"Black-crested Titmouse","Yes","Yes","No"
"Eurasian Skylark","Yes","No","No"
"Horned Lark","Yes","Yes","No"
"Bank Swallow","Yes","Yes","No"
"Tree Swallow","Yes","Yes","No"
"Violet-green Swallow","Yes","Yes","No"
"Phainopepla","Yes","Yes","No"
"Red-breasted Nuthatch","Yes","Yes","No"
"White-breasted Nuthatch","Yes","Yes","No"
"Black-tailed Gnatcatcher","Yes","Yes","No"
"California Gnatcatcher","Yes","Yes","No"
"Black-capped Gnatcatcher","Yes","No","No"
"California Thrasher","Yes","Yes","No"
"LeConte's Thrasher","Yes","Yes","No"
"Crissal Thrasher","Yes","Yes","No"
"Sage Thrasher","Yes","Yes","No"
"Northern Mockingbird","Yes","Yes","No"
"European Starling","Yes","Yes","No"
"Common Myna","Yes","No","No"
"American Dipper","Yes","Yes","No"
"Eastern Bluebird","Yes","Yes","No"
"Western Bluebird","Yes","Yes","No"
"Mountain Bluebird","Yes","Yes","No"
"Townsend's Solitaire","Yes","Yes","No"
"Veery","Yes","Yes","No"
"Gray-cheeked Thrush","Yes","Yes","No"
"Bicknell's Thrush","Yes","Yes","No"
"Swainson's Thrush","Yes","Yes","No"
"Hermit Thrush","Yes","Yes","No"
"Wood Thrush","Yes","Yes","No"
"Evening Grosbeak","Yes","Yes","No"
"Pine Grosbeak","Yes","Yes","No"
"Gray-crowned Rosy-Finch","Yes","Yes","No"
"Black Rosy-Finch","Yes","Yes","No"
"Lesser Goldfinch","Yes","Yes","No"
"Lawrence's Goldfinch","Yes","Yes","No"
"Song Sparrow","Yes","Yes","No"
"Lincoln's Sparrow","Yes","Yes","No"
"Swamp Sparrow","Yes","Yes","No"
"Canyon Towhee","Yes","Yes","No"
"Abert's Towhee","Yes","Yes","No"
"California Towhee","Yes","Yes","No"
"Rufous-crowned Sparrow","Yes","Yes","No"
"Green-tailed Towhee","Yes","Yes","No"
"Spotted Towhee","Yes","Yes","No"
"Eastern Towhee","Yes","Yes","No"
"Audubon's Oriole","Yes","Yes","No"
"Baltimore Oriole","Yes","Yes","No"
"Scott's Oriole","Yes","Yes","No"
"Red-winged Blackbird","Yes","Yes","No"
"Kirtland's Warbler","Yes","Yes","No"
"Cape May Warbler","Yes","Yes","No"
"Cerulean Warbler","Yes","Yes","No"
"Northern Parula","Yes","Yes","No"
"Tropical Parula","Yes","No","No"
"Morelet's Seedeater","Yes","No","No"
"Northwestern Crow","No","Yes","No"
"McCown's Longspur","No","Yes","No"
"American Green-winged Teal","No","No","Yes"
