"common_name","stratum","pop_est"
"American Green-winged Teal",1,6612
"American Wigeon",1,5436
"Bufflehead",1,923
"Canada Goose",1,1076
"Gadwall",1,377
"Common Goldeneye",1,5824
"Mallard",1,11519
"Common Merganser",1,4413
"Northern Pintail",1,7632
"Northern Shoveler",1,416
"Ring-necked Duck",1,499
"Lesser Scaup",1,903
"Trumpeter Swan",1,1179
"Bufflehead",2,9190
"Common Goldeneye",2,1621
"Mallard",2,3207
"Common Merganser",2,1711
"Northern Pintail",2,2255
"Northern Shoveler",2,3009
"Lesser Scaup",2,20028
"Trumpeter Swan",2,1347
"American Green-winged Teal",3,35142
"American Wigeon",3,45397
"Bufflehead",3,26288
"Canada Goose",3,817
"Canvasback",3,9960
"Common Goldeneye",3,17348
"Mallard",3,52475
"Common Merganser",3,3590
"Northern Pintail",3,26252
"Northern Shoveler",3,16098
"Redhead",3,879
"Ring-necked Duck",3,5682
"Lesser Scaup",3,82828
"Trumpeter Swan",3,6360
"American Green-winged Teal",4,52883
"American Wigeon",4,128446
"Bufflehead",4,22154
"Canada Goose",4,28163
"Canvasback",4,42757
"Common Goldeneye",4,1954
"Mallard",4,57017
"Common Merganser",4,1375
"Northern Pintail",4,179375
"Northern Shoveler",4,61665
"Redhead",4,5051
"Ring-necked Duck",4,11970
"Lesser Scaup",4,125138
"Trumpeter Swan",4,8662
"American Green-winged Teal",5,11069
"American Wigeon",5,9100
"Canada Goose",5,1801
"Common Goldeneye",5,12375
"Mallard",5,26701
"Common Merganser",5,4156
"Northern Pintail",5,14471
"Northern Shoveler",5,14616
"Lesser Scaup",5,6239
"Trumpeter Swan",5,1870
"American Green-winged Teal",6,9206
"American Wigeon",6,11352
"Bufflehead",6,1157
"Mallard",6,17025
"Common Merganser",6,2633
"Northern Pintail",6,34089
"Northern Shoveler",6,5557
"Ring-necked Duck",6,2501
"Lesser Scaup",6,8302
"Trumpeter Swan",6,2384
"American Green-winged Teal",7,6680
"American Wigeon",7,4480
"Bufflehead",7,1105
"Canada Goose",7,9039
"Canvasback",7,192
"Common Goldeneye",7,572
"Mallard",7,10530
"Common Merganser",7,2941
"Northern Pintail",7,2186
"Northern Shoveler",7,398
"Ring-necked Duck",7,3581
"Lesser Scaup",7,216
"Trumpeter Swan",7,1049
"American Green-winged Teal",8,14666
"American Wigeon",8,8421
"Canada Goose",8,1267
"Common Goldeneye",8,3167
"Mallard",8,51002
"Common Merganser",8,1671
"Northern Pintail",8,34110
"Northern Shoveler",8,9973
"Lesser Scaup",8,70678
"Trumpeter Swan",8,12938
"American Green-winged Teal",9,43543
"American Wigeon",9,33334
"Canada Goose",9,142371
"Common Goldeneye",9,12535
"Mallard",9,119224
"Common Merganser",9,11851
"Northern Pintail",9,190629
"Northern Shoveler",9,49350
"Ring-necked Duck",9,2617
"Lesser Scaup",9,152460
"Trumpeter Swan",9,34940
"American Green-winged Teal",10,9344
"American Wigeon",10,10730
"Canada Goose",10,9690
"Mallard",10,11205
"Common Merganser",10,7097
"Northern Pintail",10,75849
"Northern Shoveler",10,8472
"Lesser Scaup",10,34514
"Trumpeter Swan",10,4471
"American Green-winged Teal",11,3762
"American Wigeon",11,20736
"Canada Goose",11,6503
"Common Goldeneye",11,3249
"Mallard",11,25263
"Common Merganser",11,3429
"Northern Pintail",11,110487
"Northern Shoveler",11,5117
"Lesser Scaup",11,39951
"Trumpeter Swan",11,14850
"American Green-winged Teal",12,3472
"American Wigeon",12,17873
"Canada Goose",12,1600
"Common Goldeneye",12,5994
"Mallard",12,4246
"Common Merganser",12,844
"Northern Pintail",12,35040
"Northern Shoveler",12,3863
"Ring-necked Duck",12,890
"Lesser Scaup",12,33969
"Trumpeter Swan",12,553
"American Green-winged Teal",13,12880
"American Wigeon",13,266099
"Bufflehead",13,1815
"Canada Goose",13,2275
"Canvasback",13,13828
"Common Goldeneye",13,3954
"Mallard",13,43513
"Common Merganser",13,2434
"Northern Pintail",13,79750
"Northern Shoveler",13,5733
"Ring-necked Duck",13,22564
"Lesser Scaup",13,68971
"Trumpeter Swan",13,2738
"American Green-winged Teal",14,47625
"American Wigeon",14,749080
"Bufflehead",14,21096
"Canada Goose",14,53485
"Canvasback",14,15733
"Common Goldeneye",14,10965
"Mallard",14,86789
"Common Merganser",14,17358
"Northern Pintail",14,220448
"Northern Shoveler",14,9086
"Redhead",14,4723
"Ring-necked Duck",14,97680
"Lesser Scaup",14,608602
"Trumpeter Swan",14,16922
"American Green-winged Teal",15,37749
"American Wigeon",15,119604
"Bufflehead",15,17026
"Blue-winged Teal",15,9928
"Canada Goose",15,53350
"Common Goldeneye",15,3476
"Mallard",15,34302
"Common Merganser",15,4892
"Northern Pintail",15,40985
"Redhead",15,2995
"Ring-necked Duck",15,110330
"Lesser Scaup",15,205089
"Trumpeter Swan",15,963
"American Green-winged Teal",16,10030
"American Wigeon",16,158895
"Bufflehead",16,56547
"Canada Goose",16,24807
"Canvasback",16,13254
"Common Goldeneye",16,32329
"Mallard",16,70108
"Common Merganser",16,48743
"Northern Pintail",16,57852
"Redhead",16,9947
"Ring-necked Duck",16,46287
"Lesser Scaup",16,244630
"Trumpeter Swan",16,1279
"American Green-winged Teal",17,367085
"American Coot",17,1092
"American Wigeon",17,333948
"Bufflehead",17,106550
"Blue-winged Teal",17,76473
"Canada Goose",17,46229
"Canvasback",17,10806
"Gadwall",17,35232
"Common Goldeneye",17,108780
"Mallard",17,203871
"Common Merganser",17,24433
"Northern Pintail",17,158458
"Northern Shoveler",17,76042
"Redhead",17,28114
"Ring-necked Duck",17,193816
"Ruddy Duck",17,1377
"Lesser Scaup",17,325383
"Trumpeter Swan",17,3013
"American Green-winged Teal",18,123747
"American Wigeon",18,38118
"Bufflehead",18,68796
"Blue-winged Teal",18,18081
"Canada Goose",18,8501
"Canvasback",18,4542
"Gadwall",18,2666
"Common Goldeneye",18,22159
"Mallard",18,96107
"Common Merganser",18,4455
"Northern Pintail",18,37320
"Northern Shoveler",18,6121
"Redhead",18,16363
"Ring-necked Duck",18,158629
"Lesser Scaup",18,86347
"American Green-winged Teal",20,29172
"American Coot",20,1658
"American Wigeon",20,32475
"Bufflehead",20,9779
"Blue-winged Teal",20,57545
"Canada Goose",20,5571
"Canvasback",20,11200
"Gadwall",20,26139
"Common Goldeneye",20,16155
"Mallard",20,32791
"Common Merganser",20,3001
"Northern Pintail",20,65004
"Northern Shoveler",20,30184
"Redhead",20,23613
"Ring-necked Duck",20,9703
"Ruddy Duck",20,299
"Lesser Scaup",20,21648
"Trumpeter Swan",20,12068
"American Green-winged Teal",21,14277
"American Wigeon",21,29670
"Bufflehead",21,40193
"Blue-winged Teal",21,10094
"Canada Goose",21,23989
"Canvasback",21,5888
"Common Goldeneye",21,5629
"Mallard",21,101443
"Common Merganser",21,49030
"Northern Pintail",21,2880
"Northern Shoveler",21,3778
"Ring-necked Duck",21,21209
"Lesser Scaup",21,109100
"Trumpeter Swan",21,541
"American Green-winged Teal",22,20833
"American Coot",22,9838
"American Wigeon",22,42795
"Bufflehead",22,39100
"Blue-winged Teal",22,14729
"Canada Goose",22,36075
"Canvasback",22,6364
"Common Goldeneye",22,7667
"Mallard",22,105707
"Common Merganser",22,34883
"Northern Shoveler",22,4288
"Redhead",22,764
"Ring-necked Duck",22,65226
"Ruddy Duck",22,32842
"Lesser Scaup",22,36247
"Trumpeter Swan",22,3809
"American Green-winged Teal",23,42064
"American Wigeon",23,26840
"Bufflehead",23,64406
"Blue-winged Teal",23,3131
"Canada Goose",23,39061
"Common Goldeneye",23,14665
"Mallard",23,166143
"Common Merganser",23,74274
"Northern Shoveler",23,1640
"Ring-necked Duck",23,72782
"Lesser Scaup",23,84693
"Trumpeter Swan",23,470
"American Green-winged Teal",24,51926
"American Wigeon",24,104194
"Bufflehead",24,57970
"Blue-winged Teal",24,2532
"Canada Goose",24,231142
"Canvasback",24,2954
"Common Goldeneye",24,70177
"Mallard",24,180202
"Common Merganser",24,108898
"Northern Pintail",24,1011
"Northern Shoveler",24,1327
"Ring-necked Duck",24,76883
"Lesser Scaup",24,149790
"Trumpeter Swan",24,20338
"American Green-winged Teal",25,7004
"American Coot",25,1910
"American Wigeon",25,19299
"Bufflehead",25,6573
"Blue-winged Teal",25,14406
"Canada Goose",25,25278
"Canvasback",25,16107
"Gadwall",25,1233
"Common Goldeneye",25,6327
"Mallard",25,49638
"Common Merganser",25,20677
"Northern Pintail",25,360
"Northern Shoveler",25,6134
"Redhead",25,3364
"Ring-necked Duck",25,46139
"Ruddy Duck",25,402
"Lesser Scaup",25,13117
"Trumpeter Swan",25,3312
"American Green-winged Teal",26,107488
"American Coot",26,24512
"American Wigeon",26,95144
"Bufflehead",26,103553
"Blue-winged Teal",26,309225
"Canada Goose",26,209030
"Canvasback",26,35865
"Gadwall",26,213571
"Common Goldeneye",26,19613
"Mallard",26,422317
"Common Merganser",26,4338
"Northern Pintail",26,69687
"Northern Shoveler",26,166551
"Redhead",26,64419
"Ring-necked Duck",26,16158
"Ruddy Duck",26,23121
"Lesser Scaup",26,155086
"Trumpeter Swan",26,105
"American Green-winged Teal",27,26835
"American Coot",27,13723
"American Wigeon",27,14310
"Bufflehead",27,2619
"Blue-winged Teal",27,100554
"Canada Goose",27,37637
"Canvasback",27,3346
"Gadwall",27,94045
"Common Goldeneye",27,445
"Mallard",27,95277
"Common Merganser",27,455
"Northern Pintail",27,22263
"Northern Shoveler",27,102526
"Redhead",27,3840
"Ring-necked Duck",27,2908
"Ruddy Duck",27,6630
"Lesser Scaup",27,26113
"American Green-winged Teal",28,15129
"American Coot",28,41065
"American Wigeon",28,27565
"Blue-winged Teal",28,83479
"Canada Goose",28,19323
"Canvasback",28,8355
"Gadwall",28,72737
"Common Goldeneye",28,1506
"Mallard",28,91914
"Common Merganser",28,4621
"Northern Pintail",28,16257
"Northern Shoveler",28,72838
"Redhead",28,12425
"Ring-necked Duck",28,6557
"Ruddy Duck",28,11213
"Lesser Scaup",28,44448
"American Green-winged Teal",29,16547
"American Coot",29,27208
"American Wigeon",29,18334
"Blue-winged Teal",29,79947
"Canada Goose",29,29114
"Canvasback",29,1297
"Gadwall",29,47869
"Common Goldeneye",29,1610
"Mallard",29,86806
"Common Merganser",29,1236
"Northern Pintail",29,16491
"Northern Shoveler",29,54669
"Redhead",29,3624
"Ring-necked Duck",29,438
"Ruddy Duck",29,12848
"Lesser Scaup",29,23917
"Trumpeter Swan",29,238
"American Green-winged Teal",30,122069
"American Coot",30,137399
"American Wigeon",30,47168
"Bufflehead",30,137873
"Blue-winged Teal",30,159348
"Canada Goose",30,108758
"Canvasback",30,60568
"Gadwall",30,156500
"Common Goldeneye",30,53764
"Mallard",30,277014
"Northern Pintail",30,49299
"Northern Shoveler",30,237745
"Redhead",30,78119
"Ring-necked Duck",30,20542
"Ruddy Duck",30,69521
"Lesser Scaup",30,74498
"American Green-winged Teal",31,106351
"American Coot",31,145191
"American Wigeon",31,28450
"Bufflehead",31,90881
"Blue-winged Teal",31,161275
"Canada Goose",31,110903
"Canvasback",31,54314
"Gadwall",31,106725
"Common Goldeneye",31,49380
"Mallard",31,236484
"Common Merganser",31,11242
"Northern Pintail",31,36119
"Northern Shoveler",31,142275
"Redhead",31,93601
"Ring-necked Duck",31,17897
"Ruddy Duck",31,63365
"Lesser Scaup",31,48351
"Trumpeter Swan",31,867
"American Green-winged Teal",32,83313
"American Coot",32,132595
"American Wigeon",32,67604
"Bufflehead",32,5192
"Blue-winged Teal",32,343965
"Canada Goose",32,72342
"Canvasback",32,51801
"Gadwall",32,355054
"Common Goldeneye",32,667
"Mallard",32,359180
"Common Merganser",32,678
"Northern Pintail",32,122751
"Northern Shoveler",32,424303
"Redhead",32,41501
"Ring-necked Duck",32,14643
"Ruddy Duck",32,60735
"Lesser Scaup",32,39249
"American Green-winged Teal",33,15832
"American Coot",33,25417
"American Wigeon",33,18352
"Bufflehead",33,1518
"Blue-winged Teal",33,70056
"Canada Goose",33,16833
"Canvasback",33,3893
"Gadwall",33,69590
"Mallard",33,121974
"Northern Pintail",33,24102
"Northern Shoveler",33,60943
"Redhead",33,7120
"Lesser Scaup",33,20793
"American Green-winged Teal",34,18285
"American Coot",34,180562
"American Wigeon",34,5293
"Bufflehead",34,36075
"Blue-winged Teal",34,215447
"Canada Goose",34,86055
"Canvasback",34,45877
"Gadwall",34,120692
"Mallard",34,193412
"Northern Pintail",34,34095
"Northern Shoveler",34,103264
"Redhead",34,58893
"Ring-necked Duck",34,9742
"Ruddy Duck",34,112482
"Lesser Scaup",34,36689
"American Green-winged Teal",35,8417
"American Coot",35,46669
"American Wigeon",35,1461
"Bufflehead",35,10247
"Blue-winged Teal",35,158819
"Canada Goose",35,58535
"Canvasback",35,29392
"Gadwall",35,62834
"Common Goldeneye",35,3195
"Mallard",35,125663
"Northern Pintail",35,35441
"Northern Shoveler",35,47693
"Redhead",35,26822
"Ring-necked Duck",35,2883
"Ruddy Duck",35,17748
"Lesser Scaup",35,5542
"American Green-winged Teal",36,3220
"American Coot",36,4260
"Bufflehead",36,4246
"Blue-winged Teal",36,3251
"Canada Goose",36,3968
"Canvasback",36,5605
"Common Goldeneye",36,1426
"Mallard",36,11131
"Common Merganser",36,4879
"Redhead",36,816
"Ring-necked Duck",36,7933
"Ruddy Duck",36,517
"Lesser Scaup",36,696
"Trumpeter Swan",36,376
"American Green-winged Teal",37,14238
"American Coot",37,11363
"Bufflehead",37,20634
"Blue-winged Teal",37,16431
"Canada Goose",37,52326
"Canvasback",37,6359
"Gadwall",37,7049
"Common Goldeneye",37,2702
"Mallard",37,78951
"Common Merganser",37,6781
"Northern Pintail",37,495
"Northern Shoveler",37,11127
"Redhead",37,32481
"Ring-necked Duck",37,7586
"Ruddy Duck",37,2610
"Lesser Scaup",37,19042
"Trumpeter Swan",37,238
"American Wigeon",38,212
"Bufflehead",38,1557
"Blue-winged Teal",38,20145
"Canada Goose",38,4137
"Canvasback",38,818
"Gadwall",38,1023
"Mallard",38,49137
"Northern Pintail",38,467
"Northern Shoveler",38,3935
"Redhead",38,2553
"Lesser Scaup",38,553
"American Green-winged Teal",39,7693
"American Coot",39,21022
"American Wigeon",39,700
"Bufflehead",39,6427
"Blue-winged Teal",39,117526
"Canada Goose",39,32066
"Canvasback",39,14470
"Gadwall",39,28231
"Common Goldeneye",39,1603
"Mallard",39,91595
"Common Merganser",39,1646
"Northern Pintail",39,8377
"Northern Shoveler",39,22899
"Redhead",39,26497
"Ring-necked Duck",39,3857
"Ruddy Duck",39,26716
"Lesser Scaup",39,17859
"American Green-winged Teal",40,8455
"American Coot",40,70934
"American Wigeon",40,2055
"Bufflehead",40,33166
"Blue-winged Teal",40,122716
"Canada Goose",40,52273
"Canvasback",40,30841
"Gadwall",40,38171
"Common Goldeneye",40,1997
"Mallard",40,105058
"Common Merganser",40,1708
"Northern Pintail",40,7414
"Northern Shoveler",40,30452
"Redhead",40,39149
"Ring-necked Duck",40,9009
"Ruddy Duck",40,21342
"Lesser Scaup",40,29877
"Trumpeter Swan",40,330
"American Green-winged Teal",41,21943
"American Coot",41,28089
"American Wigeon",41,65474
"Blue-winged Teal",41,178075
"Canada Goose",41,29532
"Canvasback",41,5733
"Gadwall",41,95997
"Common Goldeneye",41,3003
"Mallard",41,158834
"Common Merganser",41,3072
"Northern Pintail",41,46089
"Northern Shoveler",41,92841
"Redhead",41,4380
"Ring-necked Duck",41,1090
"Ruddy Duck",41,2840
"Lesser Scaup",41,14213
"American Green-winged Teal",42,6333
"American Coot",42,18898
"American Wigeon",42,28448
"Blue-winged Teal",42,59271
"Canada Goose",42,44048
"Canvasback",42,4505
"Gadwall",42,55476
"Mallard",42,152995
"Common Merganser",42,580
"Northern Pintail",42,17837
"Northern Shoveler",42,57028
"Redhead",42,6901
"Ring-necked Duck",42,3197
"Lesser Scaup",42,814
"American Green-winged Teal",43,19864
"American Coot",43,3246
"American Wigeon",43,1241
"Blue-winged Teal",43,73714
"Canada Goose",43,25016
"Canvasback",43,1545
"Gadwall",43,40558
"Mallard",43,95188
"Common Merganser",43,590
"Northern Pintail",43,13899
"Northern Shoveler",43,34855
"Redhead",43,1786
"Ring-necked Duck",43,3875
"Ruddy Duck",43,13726
"Lesser Scaup",43,1461
"American Green-winged Teal",44,51226
"American Coot",44,7342
"American Wigeon",44,8419
"Blue-winged Teal",44,167075
"Canada Goose",44,27983
"Canvasback",44,874
"Gadwall",44,35901
"Mallard",44,94736
"Northern Pintail",44,22656
"Northern Shoveler",44,25343
"Redhead",44,3029
"Ring-necked Duck",44,2768
"Lesser Scaup",44,763
"American Green-winged Teal",45,61738
"American Coot",45,87165
"American Wigeon",45,52410
"Bufflehead",45,4804
"Blue-winged Teal",45,462175
"Canada Goose",45,127121
"Canvasback",45,88858
"Gadwall",45,312248
"Common Goldeneye",45,651
"Mallard",45,331690
"Common Merganser",45,4008
"Northern Pintail",45,90971
"Northern Shoveler",45,257537
"Redhead",45,142558
"Ring-necked Duck",45,12309
"Ruddy Duck",45,142611
"Lesser Scaup",45,73015
"Trumpeter Swan",45,258
"American Green-winged Teal",46,18818
"American Coot",46,31350
"American Wigeon",46,22468
"Bufflehead",46,986
"Blue-winged Teal",46,294623
"Canada Goose",46,65486
"Canvasback",46,13092
"Gadwall",46,121043
"Mallard",46,165200
"Common Merganser",46,1096
"Northern Pintail",46,60175
"Northern Shoveler",46,120814
"Redhead",46,55140
"Ring-necked Duck",46,3694
"Ruddy Duck",46,66782
"Lesser Scaup",46,21298
"Trumpeter Swan",46,53
"American Green-winged Teal",47,1216
"American Wigeon",47,2847
"Blue-winged Teal",47,15799
"Canada Goose",47,6730
"Gadwall",47,12755
"Mallard",47,10930
"Northern Shoveler",47,4762
"Redhead",47,228
"American Green-winged Teal",48,31106
"American Coot",48,12037
"American Wigeon",48,38343
"Bufflehead",48,1093
"Blue-winged Teal",48,416249
"Canada Goose",48,103652
"Canvasback",48,7162
"Gadwall",48,162730
"Mallard",48,204960
"Common Merganser",48,1216
"Northern Pintail",48,67662
"Northern Shoveler",48,111571
"Redhead",48,24629
"Ring-necked Duck",48,1681
"Ruddy Duck",48,20354
"Lesser Scaup",48,15210
"American Green-winged Teal",49,9096
"American Coot",49,16454
"American Wigeon",49,8623
"Blue-winged Teal",49,205451
"Canada Goose",49,56195
"Canvasback",49,2842
"Gadwall",49,40242
"Mallard",49,119891
"Common Merganser",49,483
"Northern Pintail",49,18384
"Northern Shoveler",49,71251
"Redhead",49,13262
"Ring-necked Duck",49,334
"Lesser Scaup",49,4044
"Trumpeter Swan",49,372
"American Black Duck",50,51168
"American Green-winged Teal",50,23963
"American Wigeon",50,9750
"Bufflehead",50,12661
"Canada Goose",50,126785
"Canvasback",50,20972
"Gadwall",50,6422
"Common Goldeneye",50,74047
"Mallard",50,548417
"Common Merganser",50,329880
"Northern Pintail",50,5619
"Ring-necked Duck",50,99801
"Lesser Scaup",50,50886
"Trumpeter Swan",50,47880
"American Green-winged Teal",75,71128
"American Coot",75,14926
"American Wigeon",75,16322
"Bufflehead",75,66866
"Blue-winged Teal",75,129669
"Canada Goose",75,101757
"Canvasback",75,16604
"Gadwall",75,20412
"Common Goldeneye",75,34583
"Mallard",75,178721
"Common Merganser",75,3153
"Northern Pintail",75,9390
"Northern Shoveler",75,32268
"Redhead",75,45985
"Ring-necked Duck",75,23221
"Ruddy Duck",75,20436
"Lesser Scaup",75,97270
"Trumpeter Swan",75,331
"American Green-winged Teal",76,90719
"American Coot",76,4809
"American Wigeon",76,28957
"Bufflehead",76,50687
"Blue-winged Teal",76,96340
"Canada Goose",76,103047
"Canvasback",76,18961
"Gadwall",76,16442
"Common Goldeneye",76,18916
"Mallard",76,179114
"Common Merganser",76,2540
"Northern Pintail",76,13658
"Northern Shoveler",76,21910
"Redhead",76,23666
"Ring-necked Duck",76,15588
"Ruddy Duck",76,27437
"Lesser Scaup",76,51131
"Trumpeter Swan",76,2663
"American Green-winged Teal",77,628380
"American Coot",77,3689
"American Wigeon",77,364790
"Bufflehead",77,241754
"Blue-winged Teal",77,164194
"Canada Goose",77,100522
"Canvasback",77,2705
"Gadwall",77,53970
"Common Goldeneye",77,190382
"Mallard",77,407034
"Common Merganser",77,40120
"Northern Pintail",77,52779
"Northern Shoveler",77,123917
"Redhead",77,8931
"Ring-necked Duck",77,297017
"Ruddy Duck",77,6203
"Lesser Scaup",77,273823
"Trumpeter Swan",77,4177
